{
  "model": "BERT",
  "model_name": "bert-base-uncased",
  "parameters": 109486854,
  "size_mb": 417.6670150756836,
  "training_time": 5108.241927146912,
  "accuracy": 0.934,
  "f1_macro": 0.910847521163277,
  "f1_weighted": 0.9349616788615495,
  "f1_sadness": 0.9618181818181818,
  "f1_joy": 0.9502196193265008,
  "f1_love": 0.8791773778920309,
  "f1_anger": 0.9429097605893186,
  "f1_fear": 0.8852459016393442,
  "f1_surprise": 0.8457142857142858
}