{
  "model": "BERT",
  "model_name": "bert-base-uncased",
  "parameters": 109486854,
  "size_mb": 417.6670150756836,
  "training_time": 5490.528921127319,
  "accuracy": 0.935,
  "f1_macro": 0.9177010047893074,
  "f1_weighted": 0.9356882025133124,
  "f1_sadness": 0.9558955895589559,
  "f1_joy": 0.9479090242112986,
  "f1_love": 0.8818897637795275,
  "f1_anger": 0.9426987060998152,
  "f1_fear": 0.9014084507042254,
  "f1_surprise": 0.8764044943820225
}