{
  "Original RoBERTa": {
    "size_mb": 475.57990169525146,
    "accuracy": 0.934,
    "f1_macro": 0.9132494499165701,
    "f1_weighted": 0.9352403035818461,
    "inference_time": 65.83405613899231,
    "compression_ratio": 1.0
  },
  "Quantized (8-bit)": {
    "size_mb": 230.93361949920654,
    "accuracy": 0.929,
    "f1_macro": 0.90738963662969,
    "f1_weighted": 0.9303369561791964,
    "inference_time": 137.6611819267273,
    "compression_ratio": 2.059379239482649
  },
  "Pruned (30%)": {
    "size_mb": 475.57990169525146,
    "accuracy": 0.902,
    "f1_macro": 0.8649046676240241,
    "f1_weighted": 0.9003858365845453,
    "inference_time": 64.52043986320496,
    "compression_ratio": 1.0
  },
  "Pruned (50%)": {
    "size_mb": 475.57990169525146,
    "accuracy": 0.402,
    "f1_macro": 0.1935712620953017,
    "f1_weighted": 0.27833869776811593,
    "inference_time": 65.19329285621643,
    "compression_ratio": 1.0
  }
}