{
  "Original BERT": {
    "size_mb": 417.73493099212646,
    "accuracy": 0.935,
    "f1_macro": 0.9177010047893074,
    "f1_weighted": 0.9356882025133124,
    "inference_time": 65.05655598640442,
    "compression_ratio": 1.0
  },
  "Quantized (8-bit)": {
    "size_mb": 173.08803844451904,
    "accuracy": 0.9365,
    "f1_macro": 0.918313144874369,
    "f1_weighted": 0.9370701348077497,
    "inference_time": 137.70180082321167,
    "compression_ratio": 2.413424606033799
  },
  "Pruned (30%)": {
    "size_mb": 417.73493099212646,
    "accuracy": 0.9295,
    "f1_macro": 0.9088169945534729,
    "f1_weighted": 0.930089665095091,
    "inference_time": 64.54819297790527,
    "compression_ratio": 1.0
  },
  "Pruned (50%)": {
    "size_mb": 417.73493099212646,
    "accuracy": 0.9135,
    "f1_macro": 0.887426529859053,
    "f1_weighted": 0.9131717667735786,
    "inference_time": 64.57047891616821,
    "compression_ratio": 1.0
  }
}