{
  "model": "ELECTRA",
  "model_name": "google/electra-base-discriminator",
  "parameters": 109486854,
  "size_mb": 417.6670150756836,
  "training_time": 5035.695749998093,
  "accuracy": 0.931,
  "f1_macro": 0.908205054186462,
  "f1_weighted": 0.9321165633842136,
  "f1_sadness": 0.9627611262488647,
  "f1_joy": 0.9462840323767476,
  "f1_love": 0.8724489795918368,
  "f1_anger": 0.9357798165137615,
  "f1_fear": 0.882494004796163,
  "f1_surprise": 0.8494623655913979
}