{
  "model": "RoBERTa",
  "model_name": "roberta-base",
  "parameters": 124650246,
  "size_mb": 475.5107955932617,
  "training_time": 6061.42321896553,
  "accuracy": 0.9325,
  "f1_macro": 0.9111880553945565,
  "f1_weighted": 0.9339289111941224,
  "f1_sadness": 0.9604415823367065,
  "f1_joy": 0.9474463360473723,
  "f1_love": 0.8793969849246231,
  "f1_anger": 0.9435336976320583,
  "f1_fear": 0.8852459016393442,
  "f1_surprise": 0.851063829787234
}