{
  "model": "RoBERTa",
  "model_name": "roberta-base",
  "parameters": 124650246,
  "size_mb": 475.5107955932617,
  "training_time": 5399.791496992111,
  "accuracy": 0.934,
  "f1_macro": 0.9132494499165701,
  "f1_weighted": 0.9352403035818461,
  "f1_sadness": 0.9616788321167883,
  "f1_joy": 0.9506263817243921,
  "f1_love": 0.8810126582278481,
  "f1_anger": 0.935064935064935,
  "f1_fear": 0.8894117647058823,
  "f1_surprise": 0.8617021276595744
}